n,cnt,优化前,优化1,优化2,
26,55,114.208445,59.655175,113.945575,
